behaviours,loss_median
1,0.044403681659082934
2,0.057948617603683306
3,0.05735433378165751
4,0.07548015298358043
5,0.08365000366597165
