frequencies,goal_amplitude_c952,goal_amplitude_c29d,goal_amplitude_5093,goal_amplitude_039c,goal_amplitude_fac3,goal_amplitude_6296
1.0,0.0892871835087164,0.18162140119086034,0.047141455389409836,0.4507498748395978,0.056093202505124284,0.3322313548062509
2.0,0.16550595726859502,0.2031550993178951,0.02567416553491475,0.2839505638008745,0.07045209324980284,0.11519458953946926
3.0,0.127606366193943,0.11496491536859244,0.038147817744057566,0.2060145710880621,0.22565297028425874,0.0957189985127222
