frequencies,goal_amplitude_b419,goal_amplitude_0ae2,goal_amplitude_ebb7
1.0,0.0037529213401367723,0.4612954250224046,0.4142399044881133
2.0,0.2841358464633456,0.14632288621165745,0.06574873015490529
3.0,0.47873964623227305,0.32878417543349525,0.30436589925635876
